seqid,esmif_lll,condition,S2E12,REGN10933,COV2-2196,C0V2-3194,VIR-7229,LY-CoV555,S309,COV2-2130,REGN10987,LyCoV1404,SA55,Neg_ctr,ACE-2,S2E12_model,REGN10933_model,COV2-2196_model,VIR-7229_model,LY-CoV555_model,S309_model,COV2-2130_model,REGN10987_model,SA55_model,ACE-2_model,RBM_lll,distance_wt,mutation_list,COV2-2050_model,COV2-2082_model,COV2-2094_model,COV2-2096_model,COV2-2165_model,COV2-2479_model,COV2-2499_model,COV2-2677_model,COV2-2832_model,CR3022_model,LY-CoV016_model,S2D106_model,S2H13_model,S2H14_model,S2H58_model,S2H97_model,S2X16_model,S2X227_model,S2X259_model,S2X35_model,S2X58_model,S304_model
seq_wt,-1.1953541863824904,wt,36.0,36.0,36.0,36.0,35.0,36.0,36.0,36.0,36.0,36.0,36.0,8.0,158.0,-8.397940008672036,-8.31875876262441,-7.823908740944318,-7.722849386036202,-8.301029995663981,-7.102372908709557,-6.970616222314789,-8.259637310505756,-7.515700160653212,-8.843590801548824,1610.7251,0,,-7.096910013008055,-6.690369832574101,-6.812479279163537,-7.229147988357855,-6.478861916295964,-7.318758762624412,-7.568636235841011,-5.791021482723746,-7.154901959985742,-8.0,-8.086186147616283,-8.154901959985743,-6.361510743045361,-5.94692155651658,-8.045757490560675,-6.125518182300533,-8.045757490560675,-7.958607314841775,-6.84163750790475,-6.747146969020106,-7.886056647693162,-4.841275746549469
seq_ba1,-1.358969934207877,ba1,,,,,,,,,,,,,,-7.950000651345403,-8.482678444785408,-7.927269056068707,-7.338455706266833,-5.312474290329041,-6.541719230786223,-7.710642662058166,-6.11068073836471,-9.103869209606959,-8.438904448891977,1575.8563,14,"G339D, S371L, S373P, S375F, K417N, N440K, G446S, S477N, T478K, E484A, Q493R, G496S, Q498R, N501Y, Y505H",-5.638986228321253,-6.125227783812757,-6.957377147197617,-7.560119106657239,-6.59647558528453,-7.230894812173644,-6.090789184330193,-6.057424689243306,-7.2115752664869825,-9.100518459892651,-5.996622119333728,-6.604700827925436,-6.097523511240938,-2.211245500053468,-6.419352016448696,-6.874631430568515,-4.638869323121028,-8.275398545522393,-7.27971026039054,-6.32616189105912,-6.5963575662156995,-4.935645011859328
seq_0,-1.3640681001328931,ace2_6,,,,,,,,,,,,,,-6.995513973347618,-7.714225194216176,-6.244493348724012,-8.063832544151778,-5.393171181280291,-6.566624408970418,-7.032061609002773,-5.809279280639611,-9.30913344393294,-7.733322881135472,1632.4844,15,"A372L, I402V, S438I, V445S, G446T, L452K, L455I, F456V, T470N, N481T, F486P, F490V, Q498Y, N501T, H519N",-7.212811994760193,-6.875986363721732,-6.984936328165963,-4.673251688666263,-6.5803648903429774,-7.396020439272151,-3.6566108409465565,-6.0645519865194455,-5.799801562964475,-9.490683736034576,-6.592447847331587,-5.980082417775709,-4.976360132003675,-3.540434527382517,-5.899526942351799,-6.917101420620025,-5.373263058961275,-4.617701757189967,-7.303019756201882,-6.599764045559629,-6.239072234185878,-5.539856906856452
seq_1,-1.3232986607502415,ace2_4,,,,,,,,,,,,,,-7.937771156587272,-8.001732703064175,-7.534144226831027,-8.26140284752017,-5.618057498941022,-6.791638966527323,-5.8042064804399,-7.266127051816688,-8.984009423281805,-6.657627077793224,1628.7188,17,"E406D, S438V, N439A, L441Q, S443A, K444G, L452K, F456S, K458H, N460K, T470S, E471D, N481T, F486L, Q498Y, N501S, H519T",-7.323577086485697,-6.897169303410898,-7.006499251521802,-6.404647749834167,-6.426361391099029,-7.423478746636628,-6.5347270869380605,-6.1143489919986305,-7.396689608908141,-9.656879478208449,-7.2265636763351,-6.386448315075067,-5.429141608320502,-2.988660923831593,-6.955950802123432,-7.019308544690417,-6.272005839750181,-8.432657712646316,-7.36070918042698,-6.605322321025353,-7.040875406494674,-5.448407412168507
seq_2,-2.052580528652545,rbm_2.3,,,,,,,,,,,,,,-8.599269620713539,-10.294356343474833,-8.789626559784802,-8.15779829124392,-3.696449873514553,-5.565537824975114,-4.819568913297552,-3.6586153059342075,-9.908765242651487,-10.914220244646264,1469.0367,46,"W353F, N354D, N360H, S366G, G381R, N388A, D389L, T393Q, D405N, E406D, Q409F, A411R, D420Y, K424R, S438G, N439A, N440Q, L441R, K444N, V445P, G446T, N450H, K458S, N460Y, K462T, T470R, E471T, I472Y, Q474S, P479Q, N481A, E484K, F490Q, P491G, Q493K, Q498H, P499K, N501S, V503M, Y508T, E516Q, L517Y, L518F, H519N, C525K, G526K",-4.972985549379309,-7.231300033863427,-7.32250779795301,-6.041127840503758,-6.08204810905614,-6.946808079993101,-7.8909746798314995,-6.640255971451472,-7.453208941444231,-10.49903940612314,-6.869578736777107,-5.230932826079481,-5.492631735421751,-6.671954926103104,-4.545006857844305,-4.878245112889779,-8.119668737415264,-4.734582586259584,-7.558754617806517,-5.924379244134403,-5.409343396018067,-4.278118947707352
seq_3,-1.5549640458883698,rbm_1.6,,,,,,,,,,,,,,-8.245601771665251,-8.912541427905138,-8.280950746631657,-7.160695208001511,-4.562912495602756,-6.777810003676316,-6.736340503558295,-5.216859427278067,-9.222932280451287,-11.468464042334656,1585.6133,33,"A352S, N354K, R357M, Y365F, S366T, V367A, A372L, K417R, N439R, L441K, K444S, V445T, N450Q, L455F, S459G, N460K, K462R, T470H, E471V, I472P, A475G, S477Y, T478G, P479I, N481T, V483Q, E484P, G485A, S494P, Q498A, P499T, G504D, H519S",-6.416736870802159,-7.061108901838397,-7.180198465100544,-7.33791478462414,-6.513181854857056,-7.467011282979794,-8.288840974515931,-6.412375687468482,-7.743193468876389,-11.108432682212824,-6.527650822376558,-6.83806880004099,-3.8959366331883496,-8.431213744077013,-6.993602770990542,-7.735242536135703,-6.255748501443317,-7.2773435801772886,-5.929672481681104,-5.350037809054533,-5.054599049813188,-5.937526439977205
seq_4,-1.3200035488482602,distrib,,,,,,,,,,,,,,-8.512894797751493,-9.662745269636082,-7.7661033142424065,-7.6212177506354255,-9.029361993399014,-6.833624649146617,-7.715067338289145,-5.94673498056924,-6.90817641069572,-9.829597027798663,1622.8916,14,"N354E, L441Q, V445A, F456L, K458H, S459G, S477G, N481T, G485A, Q498N, P499T, V503I, G504N, H519T",-7.337286987246776,-6.866569028809087,-6.976206484247854,-7.790463508687031,-6.581676175416758,-7.394123494319694,-6.454601461433459,-6.063867153079265,-7.415672368166814,-9.277662040378356,-8.788536542497383,-7.237920590844315,-5.913863592330161,-5.509221527503431,-8.35636159531889,-5.924692765325349,-7.377581498261902,-6.47069469091626,-6.17903753110387,-5.167133021093847,-7.858203033705533,-5.407673920346682
seq_5,-1.292254261134826,distrib,,,,,,,,,,,,,,-7.846936873200899,-7.938277804440962,-7.3394828412365705,-8.168317256268187,-3.154984962211276,-6.915043521813205,-7.53925012594975,-7.621799558934334,-7.860060925059844,-10.060311368263553,1622.8245,11,"N388A, E406D, S438T, L452K, K458S, E471V, N481T, E484R, F490W, Q493R, P499T",-5.447171314885126,-6.827535255002781,-6.941616350628209,-4.977895335450123,-6.574149568031088,-6.581858517621251,-8.165258789310789,-6.006223903197375,-7.335327528368485,-9.12572931460007,-8.362308104955329,-5.665960775627457,-5.5315572576331675,-6.228456210452117,-6.657464087615387,-6.718197549235175,-5.430737299546235,-8.255038916570705,-7.187103394901488,-6.611932542503619,-4.918295144269649,-5.329281979347363
seq_6,-1.2729304992046553,S2E12,3.0,3.0,3.0,36.0,35.0,4.0,36.0,1.0,2.0,1.0,36.0,1.0,63.0,-7.436062329902506,-6.662999872977026,-6.364375883068451,-7.186989692360475,-7.875667849401774,-6.875123477862567,-5.809993151724193,-5.775031983655471,-8.564691383924076,-9.746068897181983,1627.2045,15,"N354E, N394S, K417V, S438A, L441I, K444N, V445A, L455I, K458H, T470N, Q474S, F486Q, F490Y, Q493S, H519A",-7.343054721862114,-6.834746172084247,-6.968013212273497,-6.7134841625004915,-6.601057681378823,-7.397024529959697,-8.063921096673994,-6.081637646424359,-6.878221817761412,-9.366234514840237,-7.318997836928536,-7.131317027512125,-6.113244656117223,-7.468229371882382,-6.677645173892067,-6.501965131904905,-6.148614552273247,-6.569137569715622,-7.307822912734048,-6.6213574442434195,-7.910053689164688,-5.114006858727817
seq_7,-1.2601194086763048,S2E12,6.0,3.0,16.0,2.0,35.0,24.0,36.0,2.0,26.0,36.0,36.0,2.0,79.0,-7.605383136976338,-5.491227604532906,-6.6186556872050515,-8.234280724162138,-7.128095278562675,-6.822995520072017,-5.710300094695848,-7.5477897210357305,-9.039884443022126,-9.701292699128446,1628.0647,13,"A372V, T393S, I402V, K417V, I434L, K444L, L455W, N460K, E471A, G482S, F486P, F490W, H519G",-7.313037939199534,-6.808913923758124,-6.945698409043531,-7.6436859590408295,-6.5849721267485295,-7.384978822738376,-8.788349795245916,-6.030587659388579,-5.76718705288118,-9.091431414633705,-3.007588520563708,-7.013387111386358,-5.180128813046647,-5.665901679623052,-6.721077121964905,-6.797104637368218,-6.500990188292595,-8.388904891999733,-7.2485014576508,-6.705608019762992,-6.738735835880449,-5.510179295287437
seq_8,-1.2530832192332475,S2E12,,,,,,,,,,,,,,-6.915719009755059,-5.938613331787738,-6.296791895666053,-7.949332561755966,-5.349805653062165,-6.867798993124095,-5.640761930298653,-5.578998885460363,-8.742186128011925,-9.56555257237889,1621.4922,12,"I402V, K444S, V445T, K462R, T470N, E471D, Y473F, N481T, F486T, F490Q, Q493H, H519T",-6.593696919676992,-6.8405538527167655,-6.953717015300109,-6.42332669865322,-6.2701361738305605,-7.37915603702613,-8.017763341861633,-6.026389238350145,-6.20930435513183,-9.209095491175772,-8.197543229522855,-6.01115138525851,-3.9125630332237313,-7.248611763919006,-4.946367932851518,-6.659957874195313,-5.61052214232416,-6.645410968914899,-7.219504810130642,-6.674219330877477,-6.671654768316004,-5.539690073384844
seq_9,-1.2954027628161244,S2E12,1.0,3.0,1.0,1.0,37.0,3.0,38.0,15.0,2.0,3.0,36.0,1.0,119.0,-5.746804433953683,-5.889707268333833,-4.813846779197,-8.007266174639874,-3.955351378419449,-6.764584973818419,-7.465409168656406,-6.555242308298817,-9.183312822974933,-9.033709556006034,1630.0298,21,"N354E, A372T, R403K, I434L, V445S, G446S, L452K, L455R, N460K, I468L, Q474K, A475G, S477G, T478K, N481L, E484N, F486K, F490Y, Q493S, V503I, H519S",-6.154826150346075,-6.955264247768829,-7.058587392022974,-5.462013650185016,-6.2317322582812755,-7.394012670843358,-7.821219296002368,-4.844451408447948,-6.472783877962651,-9.382791757120401,-5.028864376834202,-7.0783610043894765,-3.3007493558219885,-6.344642161310336,-5.291522255844771,-6.697916513862261,-1.9172135422973884,-6.608085304115404,-7.496058073492998,-6.081426243556785,-6.230651692317169,-5.748754408683085
seq_10,-1.2601871293844635,S309,37.0,37.0,37.0,37.0,37.0,38.0,37.0,5.0,3.0,37.0,37.0,4.0,143.0,-8.764998443683847,-9.229859134804826,-8.178828350844892,-7.018737884538341,-7.638697736247902,-6.71176453365621,-5.4558318352619155,-5.254393591452885,-7.684288165101423,-10.068366269907433,1618.2823,9,"N354E, K378N, S443A, K444T, V445L, S459G, F490Y, V503I, H519V",-7.237546298697257,-5.374747347124423,-5.3824108513490705,-6.461357811333031,-6.5558955396200265,-7.35946817180948,-8.214680719963605,-4.5710283232398305,-7.327889052408679,-7.542640858075908,-9.495284709308995,-7.685280894030941,-7.344650874896001,-6.940653545514021,-8.131473958521973,-6.602542918474885,-9.059964247918296,-8.069468171956057,-6.156517948058971,-6.309190826651435,-7.820804768251509,-5.25192662272106
seq_11,-1.257831691466656,S309,37.0,37.0,36.0,36.0,36.0,7.0,37.0,4.0,2.0,36.0,37.0,2.0,136.0,-7.765950209270205,-8.002742603598811,-7.820719453052154,-8.136562109334688,-6.791075569779466,-6.784173273094002,-5.56414576005862,-7.292747158020362,-8.363177450592037,-9.738544814225703,1637.2441,11,"E406D, K417V, S438T, K444T, F456L, T478K, E484P, F490W, Q493S, Q498H, H519G",-5.981020271991821,-6.785136393485559,-6.9219176359326715,-7.045007112292208,-6.556385148021571,-7.3303237047350995,-8.060837668205764,-6.004820977987003,-7.343844399677574,-8.67448988229996,-7.416457638136762,-6.351665849907917,-5.522066756813254,-4.43485033765691,-6.682621293679531,-6.709302569285183,-3.826232346323386,-8.320229871969286,-7.184841918356524,-6.585577266957417,-5.195880152964929,-5.27197813107072
seq_12,-1.315466182748067,S309,,,,,,,,,,,,,,-8.88872521796549,-6.057049516671718,-8.244677136557298,-7.665175544391761,-5.598845316738391,-6.351991868719377,-7.71281158649727,-9.672612611681528,-9.073383325514104,-10.179643514505253,1627.0197,14,"A372S, P384A, E406D, K417E, I434L, L455I, K458H, N460K, T470N, Q474G, V483Q, Q493Y, V503I, H519N",-7.35358690075686,-5.186377128838609,-5.798105263988002,-7.764287892677647,-6.596035534956845,-7.404728394021785,-8.561409897327625,-4.6812706579799075,-7.426746760399448,-9.342299585495427,-6.192715868920198,-7.476249404737367,-6.068411084803701,-5.5998185373461915,-8.06440378376865,-6.88072798366369,-5.895172359251688,-8.434147513012764,-7.258560235191873,-6.490363034393067,-7.96308137055686,-4.973092167144766
seq_13,-1.22184847802231,S309,38.0,38.0,37.0,37.0,37.0,36.0,37.0,4.0,2.0,2.0,37.0,3.0,135.0,-8.583539881264082,-8.589446829407636,-8.304659951396859,-7.51356646137651,-6.92263692687153,-5.786339834403861,-5.432560892792249,-5.246014025691567,-8.597765678766159,-9.928661466935909,1622.2571,9,"K356T, T385S, K444T, V445A, E471D, Y473F, Q493S, S494P, H519N",-7.261824825988491,-6.802688111644515,-6.918539829050265,-7.56425712414572,-6.558395366309278,-7.376055455845213,-7.520251901345009,-5.967767685758344,-7.329962917331703,-8.581353487838348,-8.794980490768717,-8.043401713158056,-7.3214917008501565,-6.900877126387551,-8.308303120935706,-6.210121091147582,-7.922925925949148,-6.37183935074169,-7.125391800167973,-6.593211107871838,-7.775814823044114,-4.468682688247882
seq_14,-1.3554210859475675,distrib,24.0,4.0,34.0,2.0,36.0,5.0,37.0,1.0,2.0,1.0,37.0,3.0,70.0,-8.218188534354917,-5.07711617181055,-7.83111392916759,-7.9166426722663275,-3.589792061836496,-7.001108853535964,-5.962789174097695,-6.035819178079132,-9.049566522510176,-9.884962874510158,1628.5774,18,"N354E, A372V, P384A, N394S, K417S, I434L, L441K, K444T, G446S, L455S, S477G, T478K, E484T, F486L, F490W, Q493K, Q498H, H519T",-5.51890591191002,-6.777658537252529,-7.003294880872317,-7.757688200043754,-6.598444165442852,-7.363729548824542,-8.561478991919975,-6.061249669090514,-7.401339233735984,-9.020185386983904,-7.3205837598793995,-6.842111137742382,-4.22861950433282,-3.8649726494589762,-4.19174945548786,-6.524132801668522,-1.4958255841313113,-8.412715002428675,-7.382090283149258,-6.408487795360419,-6.039101138874806,-5.542873039603514
seq_15,-1.2633036190701514,distrib,,,,,,,,,,,,,,-8.77146235200836,-6.037099573987817,-7.9849342386012925,-7.9382002437740615,-5.144255695442675,-6.942637652910918,-7.54304060327052,-9.172772383806798,-8.557325899244777,-9.699004333707123,1621.9072,11,"I402V, K417E, T430M, S443A, V445I, T478K, N481L, F490R, Q493K, V503I, H519S",-5.4597014749108554,-5.148379601812699,-5.762801343366469,-6.362722992981322,-6.574310861397504,-6.515167279445162,-8.425172603048606,-6.00664505445714,-7.368474562635444,-8.626821055947778,-6.4287630601230985,-6.475628276355441,-3.9286371116026246,-5.394574075858467,-5.54907087186158,-6.718519151021477,-5.37292507711159,-8.149303925290038,-7.184196849750251,-6.59750072859594,-6.631076767232455,-5.182900323955584
seq_16,-1.284277139250765,distrib,2.0,3.0,4.0,37.0,38.0,3.0,37.0,1.0,2.0,1.0,37.0,2.0,134.0,-7.646350647287065,-7.824828210463613,-6.921168482468996,-6.979611405405663,-2.682169938583048,-6.6732972832543975,-3.650166318268713,-6.347354201636455,-8.770324264325517,-10.73396404311151,1644.4636,20,"N354E, A372T, P384A, R403K, K417V, L441Q, K444L, V445S, L452K, F456L, K458H, Y473F, Q474S, F486P, F490Y, Q493N, S494R, Q498Y, N501A, H519T",-7.430217176201386,-6.899329832951657,-7.027951801323125,-4.2550358353780595,-5.747483470763025,-7.429441243513249,-5.911435668109909,-4.759502061777434,-5.9019135288884375,-9.865193151215339,-6.808782968739661,-5.899155813595338,-6.5308186399309225,-4.09902477940581,-7.03838291184783,-7.198463485709919,-5.68274766062498,-6.707740599528747,-7.448084692906773,-6.208618772320669,-6.275732064202737,-5.631686231020828
seq_17,-1.2784982268343266,distrib,37.0,11.0,37.0,38.0,37.0,21.0,37.0,4.0,7.0,2.0,37.0,12.0,111.0,-8.464311532779881,-6.423381107730469,-8.264184858538545,-7.734804677168597,-3.7451227962579487,-6.857938655440625,-5.914982449753139,-6.082034366581946,-8.902259159938074,-10.085745435131965,1639.6932,17,"R357K, A372T, R403K, K417V, I434L, K444S, V445T, L452K, L455W, F456L, S459T, Q474S, N481T, F486L, F490N, Q498Y, H519S",-6.944068591999842,-6.862568437413209,-6.993784699629452,-5.050792715179903,-6.605203767386698,-7.410989461545587,-7.0684114305700225,-4.767884279314534,-7.407433667654047,-9.541095317328482,-6.846475697648103,-6.382880574022561,-3.746473373553892,-4.059105928431368,-5.576865875862384,-7.036507321189514,-4.978795876209931,-6.815541068761692,-7.376801694269791,-6.592225732978639,-6.31405671735547,-5.501365922358767
seq_18,-1.3353126761839562,SA55,,,,,,,,,,,,,,-7.681340003272516,-8.64221313961245,-8.505815585518862,-6.839992455527562,-7.319903192407958,-7.017592565246266,-7.811314233202057,-9.779887031357072,-5.2027909548170514,-9.456578323738391,1623.8961,15,"T393S, N394S, K417N, I434L, L441I, T470S, Q474S, S477G, N481S, Q493R, Q498Y, N501V, V503T, G504S, H519N",-6.638929781023717,-6.139094144681903,-6.9702782787860675,-7.830839161160666,-6.60327715598343,-7.414186922474937,-5.353277727160261,-6.085412300677391,-7.4464675649469,-9.181333499371735,-5.627751603890652,-7.73456457055529,-8.128270759624723,-0.7130138194621044,-8.08627102264513,-6.347409749851683,-6.866544592345419,-8.468666308356571,-6.174375358821463,-4.316183403711614,-8.016678395523234,-5.155244427342247
seq_19,-1.514330047922036,SA55,,,,,,,,,,,,,,-8.61598519608573,-8.850642975371846,-8.593784235872794,-6.7804009159104695,-6.497577234207372,-6.659785148549231,-6.226233952566505,-4.851326030004925,-6.060215141125548,-9.264851775715943,1644.8604,25,"N354E, I402V, R403K, K417E, L441Q, S443A, K444G, V445T, G446T, L455I, S459G, N460K, E471D, I472P, Q474S, S477G, T478K, E484P, F490Y, Q493N, Q498Y, N501S, V503G, G504R, H519N",-6.249350171707203,-5.322675261174742,-5.926449521851944,-6.620344739101834,-6.682647046783797,-7.416779172023152,-5.780524194514743,-6.279359029745085,-7.611791169808882,-10.552611333172656,-5.362777070407925,-6.343388525006883,-6.925809863181515,-2.2170779813345796,-6.757177386820339,-6.734131790456233,-6.795618644971581,-5.08615679120938,-6.599805985521091,-4.908763964747773,-6.123351494427635,-5.476875215188965
seq_20,-1.2835196268927191,SA55,37.0,35.0,37.0,11.0,37.0,37.0,37.0,4.0,6.0,2.0,5.0,12.0,81.0,-8.773173584877558,-7.78087684473111,-8.166579578620379,-7.997842256935396,-9.064567439880571,-6.97255356727032,-5.103864298492183,-4.002242887884234,-6.478749167341841,-9.061464658213653,1636.6028,14,"R357K, A372T, N394S, E406D, T430M, K444S, V445S, L455S, K458H, N460K, Q493N, P499T, G504E, H519N",-7.34973510917083,-6.867756917591346,-6.977289454045168,-7.770759828242121,-6.595034513547262,-7.402793979759686,-6.732544463921527,-4.708971233515188,-7.426939013656531,-9.277998729806345,-8.198489484288292,-7.666452774769693,-8.039720741952976,-5.532305561169065,-8.393046207194768,-6.861855018758175,-7.70986453700099,-6.430577662493712,-5.3386728570096125,-5.091307687762224,-8.057157358626114,-5.400580904575485
seq_21,-1.2379918049291236,SA55,,,,,,,,,,,,,,-8.301708450814125,-6.032059290331724,-7.824707273355693,-7.371484360114088,-4.039371456900552,-6.909692820373809,-5.565274535983313,-9.217413551043418,-6.562635322388158,-8.65262358581232,1620.6196,11,"N354E, K417E, S438A, K444R, E471V, N481T, F490Y, Q493K, S494P, V503T, H519S",-6.624108376193735,-5.14519281102441,-5.761544273461405,-6.547377651779811,-6.573391509816174,-7.372075451848071,-7.259324711822188,-6.004550191353882,-7.3663994061242715,-9.084762442013224,-5.846220186366639,-7.814186785772821,-7.134277901601002,-3.6424488176476566,-6.965192168483452,-6.711068657781344,-5.528107802162089,-8.319770590358027,-7.1804541383183125,-5.6368024619929455,-7.700627701301178,-5.235630427885315
seq_22,-1.432396328326353,VIR-7229,,,,,,,,,,,,,,-9.03481008947527,-9.641348822575024,-8.612041848510083,-7.178240423647807,-8.180774119888776,-6.60034065079811,-5.3462580197880305,-4.325365599505937,-9.091252235791865,-10.865334097985759,1639.2397,20,"N354E, S366T, A372G, S373F, T393S, S443A, K444T, V445S, G446T, F456L, K458H, T470S, I472P, Q474S, S477G, F490Y, Q493S, Q498H, N501T, H519N",-7.428465208867248,-6.942719542300842,-7.046941909931813,-6.778747105149754,-6.630926051853222,-7.4269374482274095,-5.0360893746476085,-6.167882123462635,-7.537425053575864,-9.388650207788917,-9.213411606341648,-7.613668561152734,-8.211213200587455,-4.257095163170891,-8.38752356639229,-6.585621084891869,-7.19518990154545,-4.710569783990641,-7.468529881670627,-6.130405629234596,-7.803401631494922,-5.580736782392728
seq_23,-1.4258402401639014,VIR-7229,,,,,,,,,,,,,,-8.485991965007669,-9.717499815174099,-8.16737471357851,-6.77930734328201,-5.537765492788825,-6.583324517191638,-8.01684784798723,-8.227782491326689,-9.72530092431687,-10.382735957812647,1638.0896,21,"N354E, A372V, P384A, K417V, I434L, L441K, G446T, F456V, K458H, S459G, T470N, I472P, Q474S, S477G, N481S, E484Q, F490N, Q493N, Q498H, V503I, H519S",-5.7649592621838135,-6.9106729701437075,-7.038622348404944,-6.253233814328698,-6.611977692808795,-6.848493018880112,-7.1883685026645665,-6.120121660192647,-7.53224490351914,-10.031227273506287,-6.243755907947141,-6.563710947145304,-4.153009527299909,-6.262292509030358,-5.142695721628154,-6.6982820393926215,-5.745813392593173,-6.745807197520471,-7.472995371271088,-6.565750883247839,-5.287887001597417,-5.528293235247015
seq_24,-1.380102413216817,VIR-7229,,,,,,,,,,,,,,-8.830760047675867,-6.266969565912506,-7.787135840062582,-6.52322704173215,-7.383812116332064,-6.463202590421446,-5.922483120236861,-4.291873410915711,-8.714000600425654,-9.507293338756277,1627.69,17,"N360D, A372L, P384A, T393S, K417V, S438A, L441I, K444T, V445Q, L455F, S459G, I472P, A475S, Q493K, Q498G, P499T, H519T",-6.7576881697979845,-6.862319632463706,-6.993568148435883,-7.898046905900936,-6.602768491508611,-7.4191880653925475,-7.32417466371205,-6.04504040911676,-7.46838239153977,-9.128093638967655,-5.861321455091586,-8.649231253377689,-7.748953605384902,-5.524914676034859,-6.90479414158729,-6.990953382764196,-5.822374208004767,-6.574408406411436,-7.356474249160089,-7.136843568137274,-8.44110824731895,-5.286956066620818
seq_25,-1.3029998307375563,VIR-7229,37.0,37.0,37.0,36.0,36.0,21.0,37.0,6.0,8.0,3.0,37.0,14.0,70.0,-8.454166018733233,-9.475040922178659,-8.523451910931827,-7.451225533386275,-5.422216346218293,-6.797354002559529,-5.153583094847962,-3.969950830441477,-8.200151110962256,-10.37689266296561,1633.4624,17,"N354S, R357K, K417V, S438T, N440S, L441I, K444T, V445S, G446T, L452F, F456V, F490R, Q493N, S494P, Q498H, N501A, H519S",-6.208876095595907,-6.862354044520644,-6.9936013790273925,-4.998736546956753,-5.7206328408320966,-6.553294488393075,-5.669810946528202,-6.1242794328491605,-7.483844803839702,-9.408504964703974,-5.463940490593087,-5.955766740309949,-6.074444224259138,-3.8973101023254677,-6.815427652847118,-7.03587818156282,-7.275117645043006,-4.674816663217965,-7.376276734160947,-6.441950879130446,-5.273126896616533,-5.426079704914699
